INSERT INTO "user" ("id", "email", "password", "nickname", "phone", "status","authority", "created_at", "updated_at")
VALUES (1, 'a@naver.com', '1234', '김유성', '01012345677','NORMAL', 'ROLE_ADMIN', '2020-12-31 05:51:47', '2020-12-31 05:52:29'),
       (2, 'b@naver.com', '1234', '김가영', '01012345678','NORMAL', 'ROLE_USER', '2020-12-31 05:51:47', '2020-12-31 05:52:29'),
       (3, 'c@naver.com', '1234', '강현준', '01012345679','NORMAL', 'ROLE_USER', '2020-12-31 05:51:47', '2020-12-31 05:52:29'),
       (4, 'd@naver.com', '1234', '홍길동', '01012345670','NORMAL', 'ROLE_USER', '2020-12-31 05:51:47', '2020-12-31 05:52:29'),
       (5, 'e@naver.com', '1234', '아무개', '01012345671','DELETE', 'ROLE_USER', '2020-12-31 05:51:47', '2020-12-31 05:52:29');

INSERT INTO "user_friend" ("user_id", "friend_id", "status", "created_at", "updated_at")
VALUES (1, 2, 'FOLLOW', '2020-12-31 05:51:47', '2020-12-31 05:52:29'),
       (1, 3, 'FOLLOW', '2020-12-31 05:51:47', '2020-12-31 05:52:29'),
       (1, 4, 'BLOCKED', '2020-12-31 05:51:47', '2020-12-31 05:52:29'),
       (2, 1, 'FOLLOW', '2020-12-31 05:51:47', '2020-12-31 05:52:29'),
       (3, 2, 'BLOCKED', '2020-12-31 05:51:47', '2020-12-31 05:52:29'),
       (3, 1, 'BLOCKED', '2020-12-31 05:51:47', '2020-12-31 05:52:29');

INSERT INTO "board" ("title", "content", "hits", "liked", "user_id", "status", "created_at", "updated_at")
VALUES ('새로운 제목1', '새로운 내용 1', 0, 0, 1, 'NORMAL','2020-12-31 05:51:47', '2020-12-31 05:52:29'),
       ('새로운 제목2', '새로운 내용 2', 0, 0, 1, 'NORMAL','2020-12-31 05:51:47', '2020-12-31 05:52:29'),
       ('새로운 제목3', '새로운 내용 3', 0, 0, 2, 'NORMAL','2020-12-31 05:51:47', '2020-12-31 05:52:29'),
       ('새로운 제목4', '새로운 내용 4', 0, 0, 3, 'NORMAL','2020-12-31 05:51:47', '2020-12-31 05:52:29'),
       ('새로운 제목5', '새로운 내용 5', 0, 0, 4, 'NORMAL','2020-12-31 05:51:47', '2020-12-31 05:52:29'),
       ('새로운 제목6', '새로운 내용 6', 0, 0, 4, 'NORMAL','2020-12-31 05:51:47', '2020-12-31 05:52:29'),
       ('새로운 제목7', '새로운 내용 7', 0, 0, 4, 'DELETE','2020-12-31 05:51:47', '2020-12-31 05:52:29'),
       ('새로운 제목8', '새로운 내용 8', 0, 0, 4, 'NORMAL','2020-12-31 05:51:47', '2020-12-31 05:52:29'),
       ('새로운 제목9', '새로운 내용 9', 0, 0, 4, 'NORMAL','2020-12-31 05:51:47', '2020-12-31 05:52:29'),
       ('새로운 제목10', '새로운 내용 10', 0, 0, 4, 'NORMAL','2020-12-31 05:51:47', '2020-12-31 05:52:29'),
       ('새로운 제목11', '새로운 내용 11', 0, 0, 4, 'NORMAL','2020-12-31 05:51:47', '2020-12-31 05:52:29'),
       ('새로운 제목12', '새로운 내용 12', 0, 0, 5, 'NORMAL','2020-12-31 05:51:47', '2020-12-31 05:52:29'),
       ('새로운 제목13', '새로운 내용 13', 0, 0, 5, 'NORMAL','2020-12-31 05:51:47', '2020-12-31 05:52:29'),
       ('새로운 제목14', '새로운 내용 14', 0, 0, 5, 'DELETE','2020-12-31 05:51:47', '2020-12-31 05:52:29');

INSERT INTO "comment" ("content", "board_id", "status", "created_at", "updated_at")
VALUES ('댓글1', 1, 'NORMAL','2020-12-31 05:51:47', '2020-12-31 05:52:29'),
       ('댓글2', 1, 'NORMAL','2020-12-31 05:51:47', '2020-12-31 05:52:29'),
       ('댓글3', 1, 'NORMAL','2020-12-31 05:51:47', '2020-12-31 05:52:29'),
       ('댓글4', 1, 'DELETEs','2020-12-31 05:51:47', '2020-12-31 05:52:29'),
       ('댓글5', 2, 'NORMAL','2020-12-31 05:51:47', '2020-12-31 05:52:29'),
       ('댓글6', 2, 'DELETE','2020-12-31 05:51:47', '2020-12-31 05:52:29'),
       ('댓글7', 2, 'NORMAL','2020-12-31 05:51:47', '2020-12-31 05:52:29'),
       ('댓글8', 3, 'NORMAL','2020-12-31 05:51:47', '2020-12-31 05:52:29'),
       ('댓글9', 3, 'DELETE','2020-12-31 05:51:47', '2020-12-31 05:52:29'),
       ('댓글10', 3, 'NORMAL','2020-12-31 05:51:47', '2020-12-31 05:52:29'),
       ('댓글11', 3, 'NORMAL','2020-12-31 05:51:47', '2020-12-31 05:52:29'),
       ('댓글12', 4, 'NORMAL','2020-12-31 05:51:47', '2020-12-31 05:52:29'),
       ('댓글1', 4, 'DELETE','2020-12-31 05:51:47', '2020-12-31 05:52:29'),
       ('댓글2', 5, 'NORMAL','2020-12-31 05:51:47', '2020-12-31 05:52:29'),
       ('댓글1', 5, 'NORMAL','2020-12-31 05:51:47', '2020-12-31 05:52:29');